driverId,name,ssn,location,certified,wage-plan
10,Sharon Cooper,830-87-5587,"PSC 0861, Box 4043
APO AP 29444",N,miles
11,Michael Watson,126-50-2254,"07289 Christopher Plains
North Gary, CO 27188",Y,miles
12,James Lopez,629-48-4247,"619 Reed Streets Apt. 764
Port Annechester, FL 47464",N,hours
13,Mary Harper,674-01-9638,"5453 Harris Springs Apt. 064
Port Matthewmouth, NV 17580",Y,miles
14,Tina Padilla,330-69-1330,"66723 Andrew Village
Jasmineview, VT 41548",Y,miles
15,Dr. Ana Price,073-73-4547,"6635 Smith Trail Suite 148
North Annatown, GA 82374",Y,miles
16,Adriana Ramirez,278-08-9236,"7901 Jose Union
Port Crystalhaven, CA 82340",Y,miles
17,Beverly Craig,205-29-8211,"USCGC Guzman
FPO AA 62803",Y,miles
18,Steven Thomas,417-73-8185,"8136 Ronald Spring Suite 696
Williamsmouth, TX 92628",Y,miles
19,Alexander Montgomery,725-02-2703,"05889 Elizabeth Drives
Lake Yvonne, WI 47238",Y,miles
20,Jose Mitchell,722-89-8598,"101 Amber Bypass
Port Steven, FL 84535",Y,miles
21,Ryan Mcbride,754-20-5177,"06627 Higgins Passage
Simmonsview, MP 21988",N,hours
22,Vincent Martinez,672-38-4387,"12244 Nguyen Place Apt. 453
Jacobstad, MO 34878",Y,hours
23,Michael Proctor,285-41-3356,"89731 Spencer Tunnel Suite 250
South Emma, PR 65363",Y,miles
24,Kyle Arnold,747-01-5977,"386 Andrea Isle Apt. 828
Taylorland, PR 27990",Y,hours
25,Dakota Rogers,777-05-5936,"660 Taylor Inlet Suite 593
Port Tracieton, TX 97689",N,miles
26,Jenny Carrillo,734-38-1711,"191 Justin Turnpike Suite 281
Shelbychester, ID 82090",Y,hours
27,Joy Stewart MD,063-06-8823,"6133 Lawson Branch Suite 366
South Amyburgh, UT 52617",N,miles
28,Nicholas Thompson,743-27-9243,"USNS Pena
FPO AP 90208",Y,miles
29,Karen Dickerson,593-95-2150,"8520 Hendricks Lock
North Nicholasfurt, ID 10841",Y,hours
30,Robert Patel,860-36-1096,"526 Jeffrey Stravenue Apt. 054
Foxburgh, WI 09331",Y,miles
31,Jeffrey Henderson,365-17-0637,"USS Taylor
FPO AA 15157",N,miles
32,Patricia Walker,490-88-6672,"220 Gonzalez Via Apt. 216
South Jonathanland, TN 27220",Y,miles
33,Justin Edwards,449-35-9991,"1030 Julia Drive
Port Lori, SD 02701",N,hours
34,Richard Wheeler,348-24-9173,"28331 Smith Fort Suite 801
Payneborough, FL 92146",N,miles
35,Caitlin Forbes,857-02-2703,"353 Lopez Alley Suite 779
West Ashley, SC 83137",N,hours
36,Francisco Garrett,107-99-9937,"3033 Allen Burg
North Cherylfort, MH 94602",Y,hours
37,Joseph Jackson,891-05-7090,"2028 Doyle Rest Suite 585
West Davidville, FM 81732",N,hours
38,Jessica Davies,096-21-3684,"95711 Cynthia Village Suite 123
Lake Garyport, SD 55326",Y,miles
39,Leah Rivera,212-03-2355,"282 Dennis Brook
Hodgeport, MI 65165",N,miles
40,Yvonne Mcclain,883-63-2533,"921 Bell Vista Apt. 754
Smithland, ME 08716",N,miles
41,Timothy Rodriguez,863-74-6874,"Unit 3590 Box 4084
DPO AE 73336",N,hours
42,Megan Buchanan,880-54-0985,"Unit 0130 Box 9708
DPO AP 42771",N,hours
43,Brittney Rogers,712-52-6248,"2197 Ayers Drive
West Jason, NE 18487",N,miles
44,Janice Underwood,518-53-0139,"028 Hall Junctions
North Maryview, AR 85588",N,miles
45,Lindsey Russell,452-74-3073,"2596 Moran Ville
Baileyland, RI 85663",N,hours
46,David Reyes,482-92-6820,"243 Edwards Lodge Suite 843
Port Alyssa, NM 68332",N,miles
47,Aaron Carroll,664-97-0119,"9056 Michelle Walk
Arielstad, NV 35730",Y,hours
48,Mary Maldonado,838-46-0373,"836 Smith Cliffs
Angelicaburgh, NC 46922",N,hours
49,Natalie Webb,326-09-8221,"199 Vargas Meadow Suite 132
Christineport, IA 55565",N,hours
50,Latoya Myers,636-41-7224,"280 Thomas Island Suite 550
Port Erin, VI 01615",N,miles
51,Amanda Macias,621-52-7807,"46426 Teresa Field
Joycefort, ND 99706",N,miles
52,Cameron Bowen,244-22-5851,"767 Lewis Lodge
Paigemouth, KS 37418",Y,hours
53,Sara Phillips,383-18-4057,"43945 Maxwell Common Apt. 802
Mcleanside, RI 90398",Y,miles
54,Dylan Hogan,262-56-2703,"41145 Mary Port Apt. 358
Michellehaven, CT 19367",N,hours
55,Kayla Martinez,032-81-7414,"1335 Billy Ville
East Cheryl, MT 59457",Y,miles
56,David Hanna,792-69-1318,"72741 Murphy Unions Apt. 909
West Colleenberg, SD 69263",N,miles
57,Megan Sullivan,478-12-0658,"Unit 1278 Box 7145
DPO AA 20171",Y,hours
58,Misty Jones,873-03-9409,"Unit 1807 Box 6618
DPO AP 67276",Y,miles
59,Maria Freeman,066-67-7966,"7124 Newman Mission Apt. 348
Lake Latasha, NJ 29113",N,miles
60,Kelly Daniel,066-19-4693,"5271 Elizabeth Branch Suite 189
Ingramstad, CT 05908",N,miles
61,Joshua Lopez,209-02-3235,"7497 White Villages
East Darrell, MI 40190",Y,hours
62,Jenna Wood,168-81-5067,"USNV Taylor
FPO AP 42498",N,hours
63,Hannah Miller,680-34-3697,"09150 English Falls Suite 670
Randolphview, TX 40911",Y,miles
64,Christine Mcgrath,036-91-6937,"88110 Johnson Forges
West Michelle, GU 84369",Y,miles
65,Nathaniel Wright,595-15-1965,"2339 Pierce Forges
Davidbury, KS 53194",N,miles
66,Juan Murillo,156-31-3465,"942 Long Fords Apt. 557
Elizabethport, SD 06473",N,miles
67,Jennifer Anderson,813-68-5522,"3412 Katrina Ports
Beckburgh, NJ 78674",Y,hours
68,Jennifer Garcia,484-23-2588,"24414 Jacob Greens
Angelafurt, IN 61997",N,hours
69,Alexis Dickerson,594-36-2612,"2572 Daniel Crossroad
North Brandytown, GA 88417",Y,miles
70,Robert Wood,332-81-9996,"03954 Jordan Ramp Apt. 866
Brownfort, WA 90639",Y,miles
71,Charles Brown,511-10-5687,"98897 Hall Stream
Coxburgh, WA 55987",Y,hours
72,David Bradley,890-33-3922,"024 Sara Crossroad
Burkefort, WV 49407",N,miles
73,Jay Jones,834-71-3085,"786 Carrie Cliffs Apt. 612
North Johnathan, AS 36900",Y,hours
74,Joyce Miller,055-26-4286,"3778 Phyllis Neck
East Rogerside, ND 09695",Y,hours
75,Nathan Baker,253-97-6092,"USS Payne
FPO AP 70965",Y,hours
76,Shelley Williams,307-85-9906,"666 David Meadow
Davidfort, NH 72796",N,hours
77,Elizabeth Price,343-31-1448,"PSC 5950, Box 8887
APO AP 02755",Y,miles
78,James Jones,477-41-0541,"98517 Christopher Underpass
Hannahmouth, VA 29288",Y,hours
79,Samantha Espinoza,229-31-5399,"133 Kelly Run
South Alexandra, IN 88403",Y,hours
80,Katie Glass,898-25-7209,"97718 Dunn Ford
Rachaelmouth, CA 17281",Y,hours
81,Julie Andrews,793-20-5621,"56970 Phillips Stream
East Mariastad, FL 79989",N,hours
82,Brian Cox MD,654-63-7519,"07255 Ward Knoll Suite 439
New Katelynstad, MS 90792",N,miles
83,Brittney Maxwell,031-33-2125,"7905 Mark Stream
Brownmouth, NJ 98827",Y,miles
84,Christine Alvarado,361-74-9508,"23174 Alyssa Canyon
South Timothyview, MN 26776",Y,hours
85,Jamie Jacobs,492-73-2399,"4231 Martinez Plain
South Samuelside, KS 45013",N,miles
86,Ethan Gonzales,291-49-7676,"54909 Bridges Ramp
Chandlerside, WI 40238",Y,hours
87,Jeremy Gonzalez,698-27-6444,"8528 Logan Squares Apt. 462
Port Brett, MT 86764",Y,hours
88,Lisa Barnett,543-65-7758,"5928 Yates Crossing Suite 203
Lake Linda, NJ 49785",N,hours
89,Kevin Bailey,266-26-7662,"821 Rivers Well
Wilkersonborough, NE 05255",Y,hours
90,Roger Smith,621-97-7733,"060 Austin Falls
Michelleville, MN 30899",N,hours
91,Kevin Bennett,589-31-7550,"609 Justin Plaza Apt. 859
East James, VT 68676",N,hours
92,Michael Weber,757-75-2639,"142 Osborne Glen Apt. 723
Kevinport, MP 31179",N,miles
93,Mark Lane,668-89-7919,"7421 Erika Plains
South Matthewchester, LA 77526",Y,hours
94,Sherry Clark,777-84-6701,"1128 Anna Heights Apt. 197
Aprilview, DE 51646",N,miles
95,Nicole Gonzalez,025-80-3016,"51769 Wiley Parkways Suite 194
Pittsfort, UT 12561",Y,miles
96,Brandon Andrews,848-04-3323,"PSC 8064, Box 7151
APO AA 22887",Y,miles
97,Glenn Combs,368-67-7168,"04519 Pacheco Cove
Jessicafort, NV 17244",Y,miles
98,Kelsey Schmidt,890-72-0979,"085 Alex Greens
Port Julie, NY 77545",Y,hours
99,Sally Ruiz,686-58-1305,"856 Jason Shoals
Phillipsland, SC 07008",Y,miles
100,Kimberly Padilla,174-05-6418,"83069 Collins Turnpike
Alexandermouth, DE 13518",N,hours
101,Christopher Hobbs,046-96-4075,"27472 West Wells Suite 702
Moodymouth, CO 71484",N,hours
102,Michelle Moody,637-39-2198,"02858 Sandra Freeway Apt. 700
Halltown, VA 12597",N,miles
103,Jeffrey Rice,888-78-5515,"66396 Hannah Common Suite 109
West Jameshaven, MN 62173",Y,hours
104,Daniel Young,099-42-8055,"259 Lisa Glen Apt. 759
West Ericport, WI 63187",N,hours
105,Ryan Reed,051-59-4733,"18516 Schwartz Union
Clarkside, CT 54605",Y,miles
106,Daniel Delacruz,444-36-4217,"92653 Amanda Road Apt. 597
North Patriciamouth, DC 05552",N,hours
107,Curtis Payne,460-13-1476,"474 Darren Brook Suite 933
Terriborough, TN 90200",N,miles
108,Eric Lopez,577-41-0137,"8821 Ward Lake Apt. 233
Walkertown, AK 18275",Y,miles
109,Virginia Zamora,018-98-2822,"8838 Rogers Gateway
Angelburgh, ME 65100",N,miles
